epoch,train_loss,val_acc,val_macro_f1,lr,seconds
0,1.7615648887374185,0.812624584717608,0.7509383517782887,0.0003990883722448848,40
1,0.8767984991723841,0.9215946843853821,0.885673409796019,0.0011442339279339347,30
2,0.7269937233491377,0.9501661129568106,0.9238839480897824,0.0018200881619622974,30
3,0.6507598660208962,0.9548172757475083,0.9312696561033421,0.001999266497846115,29
4,0.602422032031146,0.9561461794019933,0.9293887928789766,0.001982725322297226,30
5,0.5731871913779866,0.9441860465116279,0.9149963657953276,0.00194474432865705,29
6,0.5603597025979649,0.9607973421926911,0.9389555042269518,0.0018861521400317474,30
7,0.5447410849007693,0.9521594684385382,0.9256989847972764,0.0018082270495011511,29
8,0.5357000527056781,0.958139534883721,0.9339723174709483,0.0017126691318757041,30
9,0.5396390779451891,0.9661129568106313,0.9466186906016105,0.0016015631535327994,29
10,0.5230477444150231,0.958139534883721,0.9340702418674242,0.001477333089520579,30
11,0.5191066958687522,0.9647840531561461,0.9440348189572663,0.001342689240219689,29
12,0.5097936318679289,0.9634551495016611,0.941518263451917,0.0012005691013073105,30
13,0.5054827752438459,0.9667774086378738,0.9483917534194671,0.0010540732770506504,30
14,0.5041535621339625,0.9654485049833887,0.9445876937742242,0.0009063978350956751,30
15,0.49404457997192036,0.9641196013289036,0.9411006760690469,0.0007607645785520027,29
16,0.48775810897350313,0.9667774086378738,0.949123526783659,0.0006203507566127609,30
17,0.4873024536804719,0.9674418604651163,0.9492928956673943,0.00048821974719758383,30
18,0.48734960691495377,0.9674418604651163,0.9493691791498909,0.0003672542239005056,30
19,0.4708152253519405,0.9674418604651163,0.9484103764541576,0.00026009326532495307,30
20,0.4756393107500943,0.9674418604651163,0.9482914570568642,0.00016907477887785803,30
21,0.4734728512438861,0.9674418604651163,0.9488920492939248,9.61844951504804e-05,30
22,0.4680731001225385,0.9674418604651163,0.94917199163582,4.3012645664494113e-05,30
23,0.4697464000095021,0.9681063122923588,0.9503840837656754,1.0719269135545747e-05,29
24,0.47011479979211634,0.9674418604651163,0.9496484448330696,8.903160027443456e-09,30
