threshold,answered_share,abstain_share,accuracy_on_answered
0.0,1.0,0.0,0.8922
0.05,1.0,0.0,0.8922
0.1,1.0,0.0,0.8922
0.15,1.0,0.0,0.8922
0.2,1.0,0.0,0.8922
0.25,1.0,0.0,0.8922
0.3,1.0,0.0,0.8922
0.35,1.0,0.0,0.8922
0.4,1.0,0.0,0.8922
0.45,0.9975,0.0025,0.8919
0.5,0.9902,0.0098,0.8936
0.55,0.9804,0.0196,0.895
0.6,0.9632,0.0368,0.9059
0.65,0.951,0.049,0.9149
0.7,0.9216,0.0784,0.9229
0.75,0.8995,0.1005,0.9264
0.8,0.8603,0.1397,0.9345
0.85,0.8333,0.1667,0.9471
0.9,0.7598,0.2402,0.971
0.95,0.6299,0.3701,0.9805
